Type,Element,Rarity,Tier,LuckValue,Luck,Description,Color,Notes
Ability,200. Sandshot,1.1,Common,68.75,68.75,Conjure and launch sand from your fingers at non-lethal speeds but enough to harm people.,#9c7e5a,
Ability,75. Dampen,0.8,Trash,78.12,78.12,Allows you to dampen any object you are touching by making it more moist.,#a39589,
Ability,326.Horns,1.1,Common,68.75,68.75,Allows you to grow sturdy and pointy horns on your head.,#9c7e5a,
Ability,54. Droplet,0.3,Trash,93.75,93.75,Allows you to conjure small streams of water that drip down from your fingers. Barely enough to wash your hands.,#a39589,
Ability,377.Blood Manipulation,1.8,Common,46.88,46.88,"Allows you to telekinetically control your own blood, but you can't generate more blood without regeneration so be wise about spending it.",#9c7e5a,
Trait,253. Flexible,1.70,Common,50.0,50.00%,"You are inordinately flexible, even more so than an expert contortionist.",#9c7e5a,
Trait,253. Flexible,1.70,Common,50.0,50.00%,"You are inordinately flexible, even more so than an expert contortionist.",#9c7e5a,🔁 Repeated — +1 TP
Trait,96. Charming Smile,1.30,Common,62.5,62.50%,"Your smile is really charming, helping people feel more at ease and comfortable with you. Or more attractive to women.",#9c7e5a,
Trait,5. Blind Eye,1.10,Common,68.75,68.75%,"You just disappear in a crowd, as long as you shouldn't stand out you won't.",#9c7e5a,
Trait,236. Charming Eyes,1.60,Common,53.12,53.12%,"Not to be confused with the mystical eyes of charming, instead of hypnotizing people your eyes are just really pretty.",#9c7e5a,
Trait,43. Intermediate Lightning Resistance,3.50,Rare,0.1,0.10%,You are naturally resistant to lightning and lightning-based abilities.,#11d939,
Trait,327.Lesser Undead,2.50,Uncommon,25.0,25.00%,"Race - You are a lesser undead, once you get this trait you have to choose between being a zombie or a skeleton. As an undead, you have no stamina and instead consume energy for everything and get unique bonuses and demerits depending on the undead you end up as. Once a race trait is toggled it is permanent until contested.",#aed1d1,
Trait,101. Child Friendly,1.80,Common,46.88,46.88%,"Let's keep it PG, allows you to activate a filter that makes you more presentable to a younger audience, placing a censor on your privates, getting rid of gore on your body, etc.",#9c7e5a,
Trait,5. Blind Eye,1.10,Common,68.75,68.75%,"You just disappear in a crowd, as long as you shouldn't stand out you won't.",#9c7e5a,🔁 Repeated — +1 TP
Trait,198. Stable,2.60,Uncommon,21.87,21.87%,You will never lose your balance from anything short of your legs getting sheared off.,#aed1d1,
Trait,109. One Size Fits All,1.00,Common,71.88,71.88%,"Girls no longer feel any discomfort with your physical features, this extends to your phallus somehow fitting inside of them even if it reaches ludicrous sizes.",#9c7e5a,
Trait,236. Charming Eyes,1.60,Common,53.12,53.12%,"Not to be confused with the mystical eyes of charming, instead of hypnotizing people your eyes are just really pretty.",#9c7e5a,🔁 Repeated — +1 TP
Trait,68. Blood Pack,1.40,Common,59.38,59.38%,"Your body holds inordinate amounts of blood, approximately 5 times the average person, this does not affect your body in any noticeable way... somehow.",#9c7e5a,
Trait,171. Cuddle King,2.10,Uncommon,37.5,37.50%,"You are the king of cuddling, whoever you are cuddling or having a skinship with will feel comfortable, and you are the best cuddling partner. Good for building relationships.",#aed1d1,
Trait,4. Digestive Expulsion Independence,0.50,Trash,87.5,87.50%,You never piss or shit. Don't ask where all the waste in your body goes.,#a39589,
Trait,4. Digestive Expulsion Independence,0.50,Trash,87.5,87.50%,You never piss or shit. Don't ask where all the waste in your body goes.,#a39589,🔁 Repeated — +1 TP
Trait,236. Charming Eyes,1.60,Common,53.12,53.12%,"Not to be confused with the mystical eyes of charming, instead of hypnotizing people your eyes are just really pretty.",#9c7e5a,🔁 Repeated — +1 TP
Trait,61. Venomous,2.80,Uncommon,15.62,15.62%,"You are venomous, and your bite contains paralyzing venom.  The power of the paralysis scales with your physical abilities.",#aed1d1,
Trait,132. Golden Shot,1.20,Common,65.62,65.62%,"Your little swimmers are the strongest in the world, any woman you cum inside of WILL get pregnant, even if they are more barren than the arid desserts your semen does not care.",#9c7e5a,
Trait,5. Blind Eye,1.10,Common,68.75,68.75%,"You just disappear in a crowd, as long as you shouldn't stand out you won't.",#9c7e5a,🔁 Repeated — +1 TP
Item,211. The Straw Hat,0.70,Trash,81.25,81.25%,One Piece - Holds a lot of sentimental value to a certain sun god but not much material value.,#a39589,
Item,112. Can of Febreeze,0.10,Trash,100.0,100.00%,A can of Febreze that can spray infinitely. From Walmart.,#a39589,
Item,199. Blue Moon,1.70,Common,50.0,50.00%,Terraria - A flail retrieved from the cursed dungeon. It is made out of incredibly durable material and the chain can stretch up to 50 meters long.,#9c7e5a,
Item,373. The Courier's Stash,1.50,Common,56.25,56.25%,"Fallout - A stash every courier needs to have around just in case they get robbed, shot in the head and left for the dead. This large briefcase contains a lightweight metal armour, a double-barrel shotgun with 20 packs of 20 shells, 4 basic repair kits, and 5 stim packs.",#9c7e5a,
Item,43. A pair of very comfortable socks,0.10,Trash,100.0,100.00%,"Very comfortable, if you managed to roll this out of every treasure of the multiverse inside of the gacha you deserve pity.",#a39589,
Item,149. Hormone Cookies,1.60,Common,53.12,53.12%,"Hunter x Hunter - These cookies when ingested, temporarily change the user's gender to the opposite sex. These effects last for 24 hours. The card gives you 10 boxes, with each box containing 20 cookies. Eating 20 in one day makes the change permanent.",#9c7e5a,
Item,18. A skeleton,0.10,Trash,100.0,100.00%,An ordinary human skeleton from a completely ordinary person,#a39589,
Item,211. The Straw Hat,0.70,Trash,81.25,81.25%,One Piece - Holds a lot of sentimental value to a certain sun god but not much material value.,#a39589,🔁 Repeated — +1 TP
Item,18. A skeleton,0.10,Trash,100.0,100.00%,An ordinary human skeleton from a completely ordinary person,#a39589,🔁 Repeated — +1 TP
Item,112. Can of Febreeze,0.10,Trash,100.0,100.00%,A can of Febreze that can spray infinitely. From Walmart.,#a39589,🔁 Repeated — +1 TP
Item,327. Gold Ring Gift,1.00,Common,71.88,71.88%,Æ Gold Ring that you can give as a gift to a loved one. The patterns of the ring customize themselves according to whoever you give them to.  Restock Timer: 48 Hours,#9c7e5a,
Item,425.Justice's Shades,1.80,Common,46.88,46.88%,Helltaker - A pair of cool shades belonging to the blind demon. When wearing these shades you are able to tell when someone speaking to you thinks they are lying to you.,#9c7e5a,
Item,112. Can of Febreeze,0.10,Trash,100.0,100.00%,A can of Febreze that can spray infinitely. From Walmart.,#a39589,🔁 Repeated — +1 TP
Item,103. Dread Helm,0.70,Trash,81.25,81.25%,"DnD - A black metal helmet that is fairly durable, the eye holes in the visor can also glow an intimidating red.",#a39589,
Item,447.ColorS,1.20,Common,65.62,65.62%,Fairy Tail - A small book-like magic item that allows the holder to change the color scheme of their clothing by sliding their finger over its surface.,#9c7e5a,
Item,208. Super Absorbant Sponge,1.40,Common,59.38,59.38%,"Terraria - A sponge that can hold approximately 1,000,000,000 liters of water inside of it, don't ask how it doesn't change in size or weight regardless of how much is inside of it.",#9c7e5a,
Item,149. Hormone Cookies,1.60,Common,53.12,53.12%,"Hunter x Hunter - These cookies when ingested, temporarily change the user's gender to the opposite sex. These effects last for 24 hours. The card gives you 10 boxes, with each box containing 20 cookies. Eating 20 in one day makes the change permanent.",#9c7e5a,🔁 Repeated — +1 TP
Item,211. The Straw Hat,0.70,Trash,81.25,81.25%,One Piece - Holds a lot of sentimental value to a certain sun god but not much material value.,#a39589,🔁 Repeated — +1 TP
Item,447.ColorS,1.20,Common,65.62,65.62%,Fairy Tail - A small book-like magic item that allows the holder to change the color scheme of their clothing by sliding their finger over its surface.,#9c7e5a,🔁 Repeated — +1 TP
Item,183. XII - The Hanged Man,1.50,Common,56.25,56.25%,Tarot Card - Allows you to absorb all of the wounds and ailments of a target while lessening their intensity by 20%. 120 Hour Cooldown,#9c7e5a,
Item,272. Charismatic Sunglasses,1.30,Common,62.5,62.50%,A pair of really cool-looking sunglasses that make you seem more charismatic. Are the sunglasses charismatic because they look cool or do they look cool because they make you more charismatic?,#9c7e5a,
Item,447.ColorS,1.20,Common,65.62,65.62%,Fairy Tail - A small book-like magic item that allows the holder to change the color scheme of their clothing by sliding their finger over its surface.,#9c7e5a,🔁 Repeated — +1 TP
Item,154. Doyens Growth Pills,1.10,Common,68.75,68.75%,"Hunter x Hunter - A vial of 100 pills that make you grow by 1cm each time you take a pill, it is not advised to be used by people under 20 years of age. Restock Timer: 168 Hours",#9c7e5a,
Item,131. Gold Apple,2.40,Uncommon,28.12,28.12%,"Minecraft - A magical apple with skin resembling gold, eating it gives the eater uncommon level regeneration for one hour. Restock Timer: 120 Hours",#aed1d1,
Item,161. Scrap Iron Candy,1.40,Common,59.38,59.38%,"Blacksouls -""Tastes like its name"" When consumed, bolsters the user's defence for 30 minutes. Restock Timer: 8 Hours",#9c7e5a,
Item,129. Super Crown - Mario,2.30,Uncommon,31.25,31.25%,A magical crown that turns whoever wears it into a pretty girl.,#aed1d1,
Item,149. Hormone Cookies,1.60,Common,53.12,53.12%,"Hunter x Hunter - These cookies when ingested, temporarily change the user's gender to the opposite sex. These effects last for 24 hours. The card gives you 10 boxes, with each box containing 20 cookies. Eating 20 in one day makes the change permanent.",#9c7e5a,🔁 Repeated — +1 TP
Item,436.Saw Cleaver,2.00,Uncommon,40.62,40.62%,"Bloodborne - Iconic weapons of the hunters. This saw can transform into a long cleaver or a serrated saw depending on your needs. In addition, this weapon is stronger the most beastlike your opponent is.",#aed1d1,
Item,154. Doyens Growth Pills,1.10,Common,68.75,68.75%,"Hunter x Hunter - A vial of 100 pills that make you grow by 1cm each time you take a pill, it is not advised to be used by people under 20 years of age. Restock Timer: 168 Hours",#9c7e5a,🔁 Repeated — +1 TP
Item,146. Poltergeists Pillow,2.50,Uncommon,25.0,25.00%,"Hunter x Hunter - This card allows the user's spirit to explore the world at your own will, providing that you sleep on it first. This card can be useful for spying on other people or just plain exploring the world in a different way. Whilst in your astral form, you are able to pass through solid objects and you can't be seen by other creatures. You will turn into a real ghost though if you don't return to your body within 24 hours.",#aed1d1,
Skill,67. Novice Taming,1.10,Common,68.75,68.75%,"You know how to tame wild creatures, but not very precisely. With trial and error, you can probably tame a creature but it won't be easy, though you can easily tame and train mundane animals.",#9c7e5a,
Skill,56. Novice Biology,1.10,Common,68.75,68.75%,"You have the skills and knowledge of a Biology Major. You have a decent repertoire of knowledge regarding biology, bodies and organs as well as how things interact with biology.",#9c7e5a,
Skill,68. Novice Massage,1.20,Common,65.62,65.62%,"You are as skilled as an apprentice masseuse, you know how to give someone a massage that feels good and can relieve pressure but not much beyond that.",#9c7e5a,
Skill,★ 116. Expert Massage,4.08,Elite,0.1,0.10%,"You are an expert masseuse on the level of a grandpa who spent his life refining his craft. You can give massages that melt away exhaustion, help revitalize the body, ones that give unmatched sexual pleasure, relieve tension etc.",#1172d9,✨ Boosted Star Bonus — -16 TP
Skill,56. Novice Biology,1.10,Common,68.75,68.75%,"You have the skills and knowledge of a Biology Major. You have a decent repertoire of knowledge regarding biology, bodies and organs as well as how things interact with biology.",#9c7e5a,🔁 Repeated — +1 TP
Skill,59. Novice Math,1.50,Common,56.25,56.25%,"You are good at calculating things in your head and doing calculations on the spot. You can solve most math problems you would be able to solve, rather easily in your head instead of writing things down like a human calculator.",#9c7e5a,
Skill,74. Adept Drawing,3.00,Rare,9.38,9.38%,"You are great at drawing at the level of a seasoned illustrator, you can make very realistic paintings and very stylized ones too. In addition, you draw extremely fast, far faster than someone of your skill level should without suffering from a decrease in quality.",#11d939,
Skill,186.Intermediate Savoir Faire,2.70,Uncommon,18.75,18.75%,You know how to move with grace and finesse. You are light on your feet and you can definitely tear up the dance floor. You rarely lose your balance and can perform parkour. You can also perform flips and manoeuvres with decent grace.,#aed1d1,
Skill,49. Novice Cooking,1.30,Common,62.5,62.50%,"You are a novice in the culinary arts, you can cook most basic meals and they will taste good. But don't expect to get a job as a chef. You will however improve much faster than other people if you choose to train yourself.",#9c7e5a,
Skill,46. Krav Maga,2.60,Uncommon,21.87,21.87%,"You are an apprentice of Krav Maga, a brutally efficient martial art made for military use, it emphasizes instinctive movements, rapid strikes, and efficient takedowns to neutralize threats as quickly as possible. Krav Maga incorporates techniques from boxing, wrestling, judo, and street fighting. With sufficient mastery, you can enhance your strikes with your internal energy",#aed1d1,
Familiar,184.Nick Valentine,2.50,Uncommon,25.0,25.00%,"Fallout 4 - Nick is a synthetic human detective. As a Synth, he is slightly stronger than the average man but possesses great accuracy with guns and is highly skilled at interfacing with technology. As expected by a detective, Nick is good at reading people, and investigations and giving advice from his years as a detective in a post-apocalyptic wasteland.",#aed1d1,
Familiar,192.Dogmeat,1.70,Common,50.0,50.00%,Fallout - Man's most dedicated companion. Dog Meat is a very capable and well-trained German Shepherd who is... seemingly immortal. He can track scents and has considerable intelligence for his species.,#9c7e5a,
Familiar,83. Shark,0.40,Trash,90.62,90.62%,"A regular old shark, only useful in water but it is a pretty healthy and strong shark with above average intelligence.",#a39589,
Familiar,★ 37. Thunderbird,4.40,Elite,0.1,0.10%,"Hota - A thunderbird of legend, existing as the counterpart to the mythical Pheonix. It is capable of moving extremely quickly and controlling the weather, summoning rain and thunder down at will as well as being able to release it itself. She is a female and is capable of laying eggs, do not ask who the father is.",#1172d9,
Familiar,63. Cat,0.20,Trash,96.88,96.88%,"Any cat of your liking, once you summon the familiar for the first time, they take on the form of a small feline that is compatible with you. The default is an orange cat with very soft fur.",#a39589,
Familiar,5. A rat,0.10,Trash,100.0,100.00%,An ordinary rat picked up from the New York subway system.,#a39589,
Familiar,83. Shark,0.40,Trash,90.62,90.62%,"A regular old shark, only useful in water but it is a pretty healthy and strong shark with above average intelligence.",#a39589,🔁 Repeated — +1 TP
Familiar,82. Clothes Melting Slime,1.80,Common,46.88,46.88%,"A grey amorphous ever-shifting slime that is capable of quickly melting all clothing, strangely enough, it doesn't seem to melt common clothes materials but instead, its acid seems to just conceptually melt anything classified as clothing. The more clothing it melts, the larger and stronger this slime gets.",#9c7e5a,
Familiar,11. Moonless,1.70,Common,50.0,50.00%,"Fear and Hunger - A normal cave wolf that was transformed by the influence of the god of the depths, after tens of years of brutal survival this wolf towers over even tanks and can swallow a fully grown man in one gulp.",#9c7e5a,
Familiar,182. Wooloo,1.50,Common,56.25,56.25%,"Pokemon - Wooloo is the sheep Pokemon, which means it is a supernaturally cute and strong sheep with super luxurious wool that grows back entirely within 5 days compared to the average Wooloo. Despite being a powerful beast it has no combat instincts or skill so don't expect combat from it.",#9c7e5a,
Item,155. Doyens Virility Pills,1.40,Common,59.38,59.38%,"Hunter x Hunter - A vial of 100 pills that give you endurance and fertility in bed, taking more than one at a time may have unintended effects. Restock Timer: 168 Hours",#9c7e5a,
Item,129. Super Crown - Mario,2.30,Uncommon,31.25,31.25%,A magical crown that turns whoever wears it into a pretty girl.,#aed1d1,🔁 Repeated — +1 TP
Item,104. Cleaning Stone,1.20,Common,65.62,65.62%,DnD - A small blue bead that slowly cleans and removes filth from everything within a 10-meter radius of it.,#9c7e5a,
Item,122. Cruise Ship,3.00,Rare,9.38,9.38%,"A large luxury cruise ship that is 350 meters long and 80 meters wide, the cruise ship is manned by automatons that cannot perform any duty other than the ones they are assigned to in the ship. In addition, this ship has infinite fuel in its engine.",#11d939,
Item,447.ColorS,1.20,Common,65.62,65.62%,Fairy Tail - A small book-like magic item that allows the holder to change the color scheme of their clothing by sliding their finger over its surface.,#9c7e5a,🔁 Repeated — +1 TP
Item,105. All-purpose tool,0.90,Trash,75.0,75.00%,"DnD - A screwdriver that shapes itself into any mundane tool such as hammers, knives, chisels, etc.",#a39589,
Item,444.Five Hundred Cigarettes,0.50,Trash,87.5,87.50%,500 non brand name generic ciggaretes. Useful for taking the edge off.,#a39589,
Item,447.ColorS,1.20,Common,65.62,65.62%,Fairy Tail - A small book-like magic item that allows the holder to change the color scheme of their clothing by sliding their finger over its surface.,#9c7e5a,🔁 Repeated — +1 TP
Item,99. Energy Drink,2.60,Uncommon,21.87,21.87%,"A can of drink that contains 330ml of green juice inside, drinking all of the liquid recovers your energy/mana by 30%, drinking more than 3 cans a day will instantly cause a stroke and a heart attack. Restock Timer: 24 Hours",#aed1d1,
Item,124. Pocket Armory,2.20,Uncommon,34.37,34.37%,"A large grey duffel bag containing a copy of every cold weapon made from high-quality steel, you can take any one weapon out at a time from this bag, if you put the weapon back, the next time you take it out, it will be back in perfect condition.",#aed1d1,
Familiar,161.Doppel,2.90,Uncommon,12.5,12.50%,"Monster Musume - Doppel is a female(?) doppelganger with military and police training. As a doppelganger, she is capable of turning her body into that of any living creature and clothes she has seen but does not affect her stats as she is not much stronger than a baseline human.",#aed1d1,
Familiar,64. Lion,1.20,Common,65.62,65.62%,"A majestic lion companion, as a familiar they are a lion who has excellent genetics and near human intellect, and they are also large enough to ride. By default they are female.",#9c7e5a,
Familiar,71. Wyvern,2.30,Uncommon,31.25,31.25%,"A large sky-dwelling reptile with fire breath, they are often referred to as lesser dragons, a wyvern can easily swallow a man whole and roast an entire battalion with its fire breath. This Wyvern is female and can produce eggs to reproduce.",#aed1d1,
Familiar,75. Crow,0.80,Trash,78.12,78.12%,"A very smart and loyal crow companion with intelligence on the level of a human, she can spy on people and relay the information to her master.",#a39589,
Familiar,11. Moonless,1.70,Common,50.0,50.00%,"Fear and Hunger - A normal cave wolf that was transformed by the influence of the god of the depths, after tens of years of brutal survival this wolf towers over even tanks and can swallow a fully grown man in one gulp.",#9c7e5a,🔁 Repeated — +1 TP
Familiar,84. Schrodinger's cat,1.70,Common,50.0,50.00%,"A regular-looking cat, but in reality it is the Schrodinger's cat, being able to teleport freely as long as it is not being observed and being immortal as it comes back to whenever its corpse is not observed.",#9c7e5a,
Familiar,53. Sacabambaspis,0.10,Trash,100.0,100.00%,A stupid-looking ancient fish with no jaw and a permanent stupid-looking grin. It's also shaped like a stupid doorstop.,#a39589,
Familiar,64. Lion,1.20,Common,65.62,65.62%,"A majestic lion companion, as a familiar they are a lion who has excellent genetics and near human intellect, and they are also large enough to ride. By default they are female.",#9c7e5a,🔁 Repeated — +1 TP
Familiar,28. Capra Demons,2.20,Uncommon,34.37,34.37%,"Dark Souls - A Capra Demon formed from Chaos, these demons are far larger and stronger than average humans and possess resistance to fire and unholy abilities. Depending on the amount of energy expended multiple Capra's can be summoned at once.",#aed1d1,
Familiar,75. Crow,0.80,Trash,78.12,78.12%,"A very smart and loyal crow companion with intelligence on the level of a human, she can spy on people and relay the information to her master.",#a39589,🔁 Repeated — +1 TP
Ability,735. More Eyes,1.00,Common,71.88,71.88%,You can manifest eyes anywhere on your body. You will not be disorientated by the multiple instances of vision you manifest.,#9c7e5a,
Ability,472.Super Jump,1.80,Common,46.88,46.88%,Allows you to jump great distances you would otherwise be unable to. Even a regular person would be able to leap over a building with this. And you are also immune to falling damage as a bonus.,#9c7e5a,
Ability,459.Stick,1.20,Common,65.62,65.62%,Allows you to stick to objects like super glue.,#9c7e5a,
Ability,219.Crystal Spikes,2.20,Uncommon,34.37,34.37%,Allows you to create durable but brittle crystal spikes that pop out of the ground or any surface you are in contact with to impale your opponents or serve as physical barriers.,#aed1d1,
Ability,285.Flash,1.20,Common,65.62,65.62%,"You can emit a bright blinding light from your hands or use it with less intensity for utility, does not work well outside of close range.",#9c7e5a,
Ability,771. Monarch's Indifference,3.00,Rare,9.38,9.38%,Authors PoV - Allows you to suppress your emotions completely and act with complete indifference to accomplish your goal. This also completely counters any mind manipulation or telepathy ability aimed toward you.,#11d939,
Ability,178. Stone Bullet,2.00,Uncommon,40.62,40.62%,"Conjure rocks and small stones and shoot them like bullets with lethal power, you are basically a living stone gun.",#aed1d1,
Ability,75. Dampen,0.80,Trash,78.12,78.12%,Allows you to dampen any object you are touching by making it more moist.,#a39589,🔁 Repeated — +1 TP
Ability,830. Measure King,1.30,Common,62.5,62.50%,"Measure once, cut twice. Allows you to know the exact dimensions and measurements of anything you come across just by taking a look at them.",#9c7e5a,
Ability,284.Flashlight,0.40,Trash,90.62,90.62%,"You can emit a beam of moderate-intensity light from your hands, a useful replacement for a flashlight but not useful for much else.",#a39589,
Familiar,192.Dogmeat,1.70,Common,50.0,50.00%,Fallout - Man's most dedicated companion. Dog Meat is a very capable and well-trained German Shepherd who is... seemingly immortal. He can track scents and has considerable intelligence for his species.,#9c7e5a,🔁 Repeated — +1 TP
Familiar,64. Lion,1.20,Common,65.62,65.62%,"A majestic lion companion, as a familiar they are a lion who has excellent genetics and near human intellect, and they are also large enough to ride. By default they are female.",#9c7e5a,🔁 Repeated — +1 TP
Familiar,83. Shark,0.40,Trash,90.62,90.62%,"A regular old shark, only useful in water but it is a pretty healthy and strong shark with above average intelligence.",#a39589,🔁 Repeated — +1 TP
Familiar,182. Wooloo,1.50,Common,56.25,56.25%,"Pokemon - Wooloo is the sheep Pokemon, which means it is a supernaturally cute and strong sheep with super luxurious wool that grows back entirely within 5 days compared to the average Wooloo. Despite being a powerful beast it has no combat instincts or skill so don't expect combat from it.",#9c7e5a,🔁 Repeated — +1 TP
Familiar,97. Divine Dogs,1.80,Common,46.88,46.88%,Jujutsu Kaisen - A pair of twin wolves capable of tearing apart targets with their claws and fangs. Each of the dogs can detect hostility and negative emotions and notify their master when they feel hostility directed toward them. Their tracking abilities allow them to find lost allies and locations as well. The power of shikigami with your own energy levels.,#9c7e5a,
Familiar,67. Brown Bear,1.00,Common,71.88,71.88%,"A regular big old brown bear companion, as a familiar they are a bear who has excellent genetics and near human intellect, they are strong enough to shrug off most small firearms and crush a human being like an apple. By default they are female.",#9c7e5a,
Familiar,84. Schrodinger's cat,1.70,Common,50.0,50.00%,"A regular-looking cat, but in reality it is the Schrodinger's cat, being able to teleport freely as long as it is not being observed and being immortal as it comes back to whenever its corpse is not observed.",#9c7e5a,🔁 Repeated — +1 TP
Familiar,182. Wooloo,1.50,Common,56.25,56.25%,"Pokemon - Wooloo is the sheep Pokemon, which means it is a supernaturally cute and strong sheep with super luxurious wool that grows back entirely within 5 days compared to the average Wooloo. Despite being a powerful beast it has no combat instincts or skill so don't expect combat from it.",#9c7e5a,🔁 Repeated — +1 TP
Familiar,18. Immortal Snail,1.00,Common,71.88,71.88%,"An immortal snail, who knows what it wants or how it came to be. But one thing is for sure, it is immortal, even if you eradicated every quark of its beings it would reform back to perfection in just a minute. It is biologically immortal too, immune to all sickness and ageing. But in the end, it is limited to the vessel of a snail.",#9c7e5a,
Familiar,70. Goblin,1.20,Common,65.62,65.62%,"Loathsome little green humanoid creatures the size of children, they are very vicious and cruel in nature, being able to use weapons and basic tactics. At least this goblin is smarter and more self-aware, they can also breed with any humanoid race. The default gender is female.",#9c7e5a,
Ability,53. Match,0.50,Trash,87.5,87.50%,"Allows you to light a small flame on your fingers, barely qualifies to be a lighter.",#a39589,
Ability,286.Illumination,1.70,Common,50.0,50.00%,"Allows you to conjure bright points of light that you can telekinetically control, you can also consume more energy to make the lights semi-permanent.",#9c7e5a,
Ability,555.Diagnosis,1.70,Common,50.0,50.00%,You can touch a target and receive a detailed diagnosis of their health condition,#9c7e5a,
Ability,55. Spray Water,1.20,Common,65.62,65.62%,Allows you to unleash a spray of water from your hands like a showerhead or a hose. Useful for putting out fires and dousing people.,#9c7e5a,
Ability,552.Mark,2.70,Uncommon,18.75,18.75%,"Allows you to mark targets by touching them, as long as the mark is active you are perfectly aware of how far and where a placed mark is.",#aed1d1,
Ability,790. Cosmetic Calibration,1.60,Common,53.12,53.12%,"Allows you to change anything about yourself that is purely cosmetic, like the color of your abilities, the color of your hair, the shape of your pupils, the color of your skin, etc.",#9c7e5a,
Ability,27. Heat Object,1.80,Common,46.88,46.88%,"Allows you to heat up any object by touching it, the more energy you expend the hotter and faster you can get the target object to heat up.",#9c7e5a,
Ability,461.Glide,1.40,Common,59.38,59.38%,"Allows you to glide 1cm above the ground and move like you are not affected by friction, allowing you to move around as if you are skating.",#9c7e5a,
Ability,130.Megaphone,1.40,Common,59.38,59.38%,"Allows you to amplify all noises you create, they can get so loud that they disorientate and temporarily deafen opponents.",#9c7e5a,
Ability,130.Megaphone,1.40,Common,59.38,59.38%,"Allows you to amplify all noises you create, they can get so loud that they disorientate and temporarily deafen opponents.",#9c7e5a,🔁 Repeated — +1 TP
Familiar,33. Aerodactyl,2.70,Uncommon,18.75,18.75%,"Pokemon - An ancient cross between a pterodactyl and a mountain, this giant lizard used to dominate the skies with its immense strength and geokinetic abilities.",#aed1d1,
Familiar,63. Cat,0.20,Trash,96.88,96.88%,"Any cat of your liking, once you summon the familiar for the first time, they take on the form of a small feline that is compatible with you. The default is an orange cat with very soft fur.",#a39589,🔁 Repeated — +1 TP
Familiar,62. Dog,0.10,Trash,100.0,100.00%,"Any dog of your liking, once you summon the familiar for the first time, they take on the form of a canine that is compatible with you. The default is a golden retreiver with very soft fur.",#a39589,
Familiar,184.Nick Valentine,2.50,Uncommon,25.0,25.00%,"Fallout 4 - Nick is a synthetic human detective. As a Synth, he is slightly stronger than the average man but possesses great accuracy with guns and is highly skilled at interfacing with technology. As expected by a detective, Nick is good at reading people, and investigations and giving advice from his years as a detective in a post-apocalyptic wasteland.",#aed1d1,🔁 Repeated — +1 TP
Familiar,6. Trash Eater,1.00,Common,71.88,71.88%,A grey 1-meter-tall slime that can consume and digest objects endlessly like an infinite trashcan and obey simple orders. It can only consume beings that aren't alive.,#9c7e5a,
Familiar,83. Shark,0.40,Trash,90.62,90.62%,"A regular old shark, only useful in water but it is a pretty healthy and strong shark with above average intelligence.",#a39589,🔁 Repeated — +1 TP
Familiar,191.Daisy,0.20,Trash,96.88,96.88%,"Doom - A cute, if not unremarkable brown pet rabbit named Daisy. Despite being the former pet rabbit of the Doom Slayer it is still just a regular brown rabbit.",#a39589,
Familiar,178.Darkbeast Paarl,2.40,Uncommon,28.12,28.12%,"Bloodborne - A dark beast that has reanimated itself from the dead. As a large skeletal monster, Paarl is strong enough to demolish walls and is immune to conventional weapons, even high-calibre bullets. In addition, Paarl can generate and release electricity from its body at will.",#aed1d1,
Familiar,16. Observer,2.40,Uncommon,28.12,28.12%,"A group of disembodied floating eyeballs that can transmit their sight to yours and follow complex commands, they possess no combat power and are as vulnerable as human eyeballs. If an eye gets perished, you can resummon it in 24 hours.",#aed1d1,
Familiar,63. Cat,0.20,Trash,96.88,96.88%,"Any cat of your liking, once you summon the familiar for the first time, they take on the form of a small feline that is compatible with you. The default is an orange cat with very soft fur.",#a39589,🔁 Repeated — +1 TP
Item,432.Threaded Cane,2.20,Uncommon,34.37,34.37%,"Bloodborne - One of the weapons of the workshop hunters used to face off against the beasts. In its cane form, the threaded cane still has a sharp edge enough to hurt beasts, but when its trick form is revealed the cane splits into numerous blades arranged into a whip that can be used to rend and shred flesh from a distance.",#aed1d1,
Item,272. Charismatic Sunglasses,1.30,Common,62.5,62.50%,A pair of really cool-looking sunglasses that make you seem more charismatic. Are the sunglasses charismatic because they look cool or do they look cool because they make you more charismatic?,#9c7e5a,🔁 Repeated — +1 TP
Item,18. A skeleton,0.10,Trash,100.0,100.00%,An ordinary human skeleton from a completely ordinary person,#a39589,🔁 Repeated — +1 TP
Item,327. Gold Ring Gift,1.00,Common,71.88,71.88%,Æ Gold Ring that you can give as a gift to a loved one. The patterns of the ring customize themselves according to whoever you give them to.  Restock Timer: 48 Hours,#9c7e5a,🔁 Repeated — +1 TP
Item,119. Perfect Decoy,1.60,Common,53.12,53.12%,"An exact replica of your body down to the most minute detail but damaging it reveals that even though it looks like you, it has no DNA or genetics, more like a flesh puppet made to look like you.",#9c7e5a,
Item,105. All-purpose tool,0.90,Trash,75.0,75.00%,"DnD - A screwdriver that shapes itself into any mundane tool such as hammers, knives, chisels, etc.",#a39589,🔁 Repeated — +1 TP
Item,208. Super Absorbant Sponge,1.40,Common,59.38,59.38%,"Terraria - A sponge that can hold approximately 1,000,000,000 liters of water inside of it, don't ask how it doesn't change in size or weight regardless of how much is inside of it.",#9c7e5a,🔁 Repeated — +1 TP
Item,440.Malorian Overture,2.00,Uncommon,40.62,40.62%,"Cyberpunk 2077 - A heavy-duty, powerful double-action revolver produced by Malorian Arms. This gun is incredibly powerful, even being able to punch a hole in half-borgs with each bullet. You also get 30 bullets every day for it.",#aed1d1,
Item,183. XII - The Hanged Man,1.50,Common,56.25,56.25%,Tarot Card - Allows you to absorb all of the wounds and ailments of a target while lessening their intensity by 20%. 120 Hour Cooldown,#9c7e5a,🔁 Repeated — +1 TP
Item,18. A skeleton,0.10,Trash,100.0,100.00%,An ordinary human skeleton from a completely ordinary person,#a39589,🔁 Repeated — +1 TP
Skill,50. Novice Drawing,1.00,Common,71.88,71.88%,"You are a novice at drawing about as skilled as an art student, while you are noticeably better than people who don't know how to draw, you aren't good enough to become a professional. You will however improve much faster than other people if you choose to train yourself.",#9c7e5a,
Skill,58. Novice Chemistry,1.40,Common,59.38,59.38%,You have the skills and knowledge of a Chemistry Major. You have a decent repertoire of knowledge regarding chemistry and compounds. You know how to make most regular chemicals and know not to drink bleach.,#9c7e5a,
Skill,185.Novice Savoir Faire,1.80,Common,46.88,46.88%,"You know how to move with some relative grace and finesse. You are light on your feet, you know how to dance and how to place your feet so that you don't trip and fall. And if you do fall, you can do so with some semblance of grace.",#9c7e5a,
Skill,50. Novice Drawing,1.00,Common,71.88,71.88%,"You are a novice at drawing about as skilled as an art student, while you are noticeably better than people who don't know how to draw, you aren't good enough to become a professional. You will however improve much faster than other people if you choose to train yourself.",#9c7e5a,🔁 Repeated — +1 TP
Skill,44. Karate,2.40,Uncommon,28.12,28.12%,"You are an apprentice in Karate, A Japanese martial art specializing in powerful strikes, strong stances, and precise technique. With direct, forceful movements using punches, kicks, knee strikes, and blocks to generate maximum impact. Practitioners develop explosive power, speed, and efficiency, making Karate a well-rounded combat skill for both offence and defence. With sufficient mastery, you can enhance your strikes with your internal energy",#aed1d1,
Skill,61. Novice Teaching,1.80,Common,46.88,46.88%,"You are as skilled as a fresh teacher, you know how to impart your knowledge and skills to people well enough but you can't guarantee they will listen or take your lesson to heart.",#9c7e5a,
Skill,49. Novice Cooking,1.30,Common,62.5,62.50%,"You are a novice in the culinary arts, you can cook most basic meals and they will taste good. But don't expect to get a job as a chef. You will however improve much faster than other people if you choose to train yourself.",#9c7e5a,🔁 Repeated — +1 TP
Skill,50. Novice Drawing,1.00,Common,71.88,71.88%,"You are a novice at drawing about as skilled as an art student, while you are noticeably better than people who don't know how to draw, you aren't good enough to become a professional. You will however improve much faster than other people if you choose to train yourself.",#9c7e5a,🔁 Repeated — +1 TP
Skill,72. Novice Medicine,1.50,Common,56.25,56.25%,"You are about as skilled as a doctor in training, you know how to perform first aid, how to apply medicine, what most medicines do, and in a pinch improvise medical tools to perform basic surgery.",#9c7e5a,
Skill,55. Novice Mechanics,1.10,Common,68.75,68.75%,"You are as skilled as a mechanic apprentice, you know how to fix basic appliances and maybe even a car when provided with the right tools. You will however improve much faster than other people if you choose to train yourself.",#9c7e5a,
Trait,60. Poisonous,0.20,Trash,96.88,96.88%,"You are poisonous, meaning if anyone eats your flesh they are going to have a mildly bad time.",#a39589,
Trait,313.Paper Trail,1.80,Common,46.88,46.88%,For some reason you are always carrying the relevant paper or information with you. And so do your familiars apparently. Just reach into your pocket and you can find whatever legal identification you need.,#9c7e5a,
Trait,236. Charming Eyes,1.60,Common,53.12,53.12%,"Not to be confused with the mystical eyes of charming, instead of hypnotizing people your eyes are just really pretty.",#9c7e5a,🔁 Repeated — +1 TP
Trait,97. Minty Breath,0.20,Trash,96.88,96.88%,"No more bad breath, your breath always smells fresh and minty regardless of what you ate beforehand.",#a39589,
Trait,96. Charming Smile,1.30,Common,62.5,62.50%,"Your smile is really charming, helping people feel more at ease and comfortable with you. Or more attractive to women.",#9c7e5a,🔁 Repeated — +1 TP
Trait,4. Digestive Expulsion Independence,0.50,Trash,87.5,87.50%,You never piss or shit. Don't ask where all the waste in your body goes.,#a39589,🔁 Repeated — +1 TP
Trait,132. Golden Shot,1.20,Common,65.62,65.62%,"Your little swimmers are the strongest in the world, any woman you cum inside of WILL get pregnant, even if they are more barren than the arid desserts your semen does not care.",#9c7e5a,🔁 Repeated — +1 TP
Trait,97. Minty Breath,0.20,Trash,96.88,96.88%,"No more bad breath, your breath always smells fresh and minty regardless of what you ate beforehand.",#a39589,🔁 Repeated — +1 TP
Trait,110. Salt Detection,0.10,Trash,100.0,100.00%,"You can tell where salt is, only salt is ready for human consumption.",#a39589,
Trait,96. Charming Smile,1.30,Common,62.5,62.50%,"Your smile is really charming, helping people feel more at ease and comfortable with you. Or more attractive to women.",#9c7e5a,🔁 Repeated — +1 TP
Ability,285.Flash,1.20,Common,65.62,65.62%,"You can emit a bright blinding light from your hands or use it with less intensity for utility, does not work well outside of close range.",#9c7e5a,🔁 Repeated — +1 TP
Ability,★ 619.Lifeblood,4.17,Elite,0.1,0.10%,"Allows you to imbue your blood with your own vitality, those who drink your vitality-infused blood will find themselves healed, the more vitality infused the higher the healing. Imbuing vitality in moderation is harmless but will leave you weakened and exhausted.",#1172d9,✨ Boosted Star Bonus — -37 TP
Ability,76. Dry,0.70,Trash,81.25,81.25%,"Allows you to dry any object you are touching, note that does not evaporate all water particles inside but only gets rid of moisture the object should otherwise not have.",#a39589,
Ability,284.Flashlight,0.40,Trash,90.62,90.62%,"You can emit a beam of moderate-intensity light from your hands, a useful replacement for a flashlight but not useful for much else.",#a39589,🔁 Repeated — +1 TP
Ability,850.Sapling,2.10,Uncommon,37.5,37.50%,"You are able to create, communicate with and control plants in your range. You can make grass grow on fertile dirt, make roots dig through concrete, ripen plants, change their shape slightly, make trees grow fast enough to create natural barriers and harvest the bounty of nature.",#aed1d1,
Ability,49. Heat Palm,1.20,Common,65.62,65.62%,"Unordinary - Allows you to heat up your palms to red-hot levels, only your palms.",#9c7e5a,
Ability,199. Pocket Sand,0.40,Trash,90.62,90.62%,"Conjure and launch a handful of sand from your hands, shouting pocket sand as you do so might make it stronger.",#a39589,
Ability,230.Dowsing,1.60,Common,53.12,53.12%,"Allows you to detect metals around you like a mental radar, the more valuable a metal is, the more distinct its presence in your radar.",#9c7e5a,
Ability,749. Cat Form,2.10,Uncommon,37.5,37.50%,"Allows you to turn into a cat or a cat hybrid at will, granting you night vision, improved balance, and agility as well as any other trait the average mundane house cat would have.",#aed1d1,
Ability,790. Cosmetic Calibration,1.60,Common,53.12,53.12%,"Allows you to change anything about yourself that is purely cosmetic, like the color of your abilities, the color of your hair, the shape of your pupils, the color of your skin, etc.",#9c7e5a,🔁 Repeated — +1 TP
Familiar,178.Darkbeast Paarl,2.40,Uncommon,28.12,28.12%,"Bloodborne - A dark beast that has reanimated itself from the dead. As a large skeletal monster, Paarl is strong enough to demolish walls and is immune to conventional weapons, even high-calibre bullets. In addition, Paarl can generate and release electricity from its body at will.",#aed1d1,🔁 Repeated — +1 TP
